Saved Date,Job Url,Job Title,Company Name
"10/11/18, 10:54 AM",http://www.linkedin.com/jobs/view/841023546,Software Engineer 2,Microsoft
"8/9/18, 11:15 PM",http://www.linkedin.com/jobs/view/793330011,Software Development Engineer,Amazon
"3/14/17, 11:24 PM",http://www.linkedin.com/jobs/view/267891739,Software Development Tools Engineer - C/ C++ Library Optimization and Linking,Qualcomm
"3/6/17, 10:54 AM",http://www.linkedin.com/jobs/view/265048838,Software Development Engineer,Amazon
"3/5/17, 5:41 AM",http://www.linkedin.com/jobs/view/282296431,Software Development Engineer,Intel Corporation
"3/5/17, 5:32 AM",http://www.linkedin.com/jobs/view/257433700,Software Engineer II,Microsoft
"1/29/17, 7:34 AM",http://www.linkedin.com/jobs/view/251423108,Software Development Engineer,Amazon
"1/28/17, 12:32 PM",http://www.linkedin.com/jobs/view/263224924,Software Developer,Ericsson
"11/28/16, 10:23 AM",http://www.linkedin.com/jobs/view/230527182,Software Development Engineer II,Amazon
"11/17/16, 9:56 PM",http://www.linkedin.com/jobs/view/231931187,Software Development Engineer,Amazon
"10/17/16, 6:01 AM",http://www.linkedin.com/jobs/view/209309201,Software Development Engineer,Amazon
"10/17/16, 6:00 AM",http://www.linkedin.com/jobs/view/201281372,Software Engineer II,Microsoft
"8/15/16, 5:15 AM",http://www.linkedin.com/jobs/view/188358101,DevOps Engineer,Mentor Graphics
"7/30/16, 10:10 AM",http://www.linkedin.com/jobs/view/172623792,Software Engineer-Android Data (All levels),Qualcomm
"7/30/16, 10:05 AM",http://www.linkedin.com/jobs/view/177321595,SOFTWARE ENGINEERING,Cisco
"7/14/16, 10:18 PM",http://www.linkedin.com/jobs/view/156545012,Software / Electronics Tools Development (C++) Engineers,Xilinx
"7/14/16, 10:16 PM",http://www.linkedin.com/jobs/view/147791432,Software Development Engineer,"Kony, Inc."
"7/5/16, 10:28 AM",http://www.linkedin.com/jobs/view/153819127,Software Development Engineer 1,AMD
"7/1/16, 5:52 AM",http://www.linkedin.com/jobs/view/144695272,Senior Software Engineer,Microsoft
"4/11/16, 10:26 AM",http://www.linkedin.com/jobs/view/138333695,Apps Systems Engineer 5,Wells Fargo
"4/11/16, 9:57 AM",http://www.linkedin.com/jobs/view/115666555,Software Development Engineer,Intel Corporation
"4/11/16, 9:56 AM",http://www.linkedin.com/jobs/view/111596299,System Programmer,Intel Corporation
"4/11/16, 9:56 AM",http://www.linkedin.com/jobs/view/87826218,Software Engineer,Microsoft
"4/11/16, 9:56 AM",http://www.linkedin.com/jobs/view/113021757,Software Development Engineer,Intel Corporation
"4/11/16, 12:23 AM",http://www.linkedin.com/jobs/view/113000069,Amazon Hyderabad : Software Development Engineer- SDE II,Amazon
"4/6/16, 8:44 AM",http://www.linkedin.com/jobs/view/118725444,Software Engineer,Cisco
"4/6/16, 12:16 AM",http://www.linkedin.com/jobs/view/97657820,Software Engineer,Red Hat
"4/4/16, 9:55 PM",http://www.linkedin.com/jobs/view/93811744,Software Engineer - OpenStack,Red Hat
"4/4/16, 11:44 AM",http://www.linkedin.com/jobs/view/118716277,Software Engineer - Amazon Web Services - bostonjobs@amazon.com,Amazon
"4/4/16, 11:43 AM",http://www.linkedin.com/jobs/view/108020630,Software Engineer,Microsoft
"4/4/16, 11:41 AM",http://www.linkedin.com/jobs/view/109786184, Software Development Engineer (SDE II) @ Amazon,Amazon Development Centre India
"4/4/16, 11:39 AM",http://www.linkedin.com/jobs/view/111572318,Software Development Engineer - Identity Services,Amazon
"3/19/16, 10:01 PM",http://www.linkedin.com/jobs/view/109760936,Software Engineer II,Cisco
